player_name,image_url
Josh Little,https://encrypted-tbn0.gstatic.com/licensed-image?q=tbn:ANd9GcQGTSJIqIGgse6xcR_suOtck3ukIavQHD2znbgEc7ctoStySzyyYmReMEbHY3VMd0DKgYfabkXNxqVzYJE
Jayant Yadav,https://www.gujarattitansipl.com/static-assets/images/players/59611.png?v=4.86
Karn Sharma,https://documents.iplt20.com/ipl/IPLHeadshot2024/1503.png
Dasun Shanaka,https://media.gettyimages.com/id/1498885390/photo/bulawayo-zimbabwe-dasun-shanaka-of-sri-lanka-poses-for-a-photograph-prior-to-the-icc-mens.jpg?s=612x612&w=gi&k=20&c=NZ8I3RkA3ye79xdjG4mecQFlr5aOTYWDcaO-yFpYMf4=
Kartik Tyagi,https://documents.iplt20.com/ipl/IPLHeadshot2024/536.png
Kumar Kartikeya,https://encrypted-tbn0.gstatic.com/images?q=tbn:ANd9GcS0mAcm4Hs-C3jrnus3NYZxQ2utLtlg_fUr2yBAB4fj-6-PuaH-
Rahul Tripathi,https://encrypted-tbn2.gstatic.com/images?q=tbn:ANd9GcS1-YjzCmwK2CwTcGPnZNNvqCgB4p-tDLTnCmu0CFIp951GDaaM8C-3LtMM1b9ONJVjBTsPOXuYAysiuyxYQz213SWkQLMkSYxJSXNkjQ
Akash Deep,https://documents.iplt20.com/ipl/IPLHeadshot2024/1007.png
Lockie Ferguson,https://documents.iplt20.com/ipl/IPLHeadshot2024/69.png
Rishi Dhawan,https://documents.iplt20.com/ipl/IPLHeadshot2024/996.png
Jitesh Sharma,https://www.punjabkingsipl.in/static-assets/images/players/64724.png?v=5.97
Arjun Tendulkar,https://www.iplbetonline.in/wp-content/uploads/2023/04/10244-780x780.png
Akash Madhwal,https://encrypted-tbn0.gstatic.com/images?q=tbn:ANd9GcRl2v1rC8ZJoTlxNbTTX5jAVP75jexJBdK8jg&s
David Wiese,https://i.cdn.newsbytesapp.com/sports/players/profile/david-wiese.png
Liam Livings,https://encrypted-tbn0.gstatic.com/images?q=tbn:ANd9GcQ3lp1EfXXeq1ctDTU-lL6aENm8WnpY2Gu0Nw&s
Shivam Dube,https://t20storm.in/wp-content/uploads/2022/05/Shivam-Dube-1024x1024.webp
Hrithik Shokeen,https://www.iplbetonline.in/wp-content/uploads/2023/04/20598-780x780.png
Rahul Chahar,https://documents.iplt20.com/ipl/IPLHeadshot2024/171.png
Rahul Tewatia,https://documents.iplt20.com/ipl/IPLHeadshot2024/120.png
Mayank Agarwal,https://i.cdn.newsbytesapp.com/sports/players/profile/mayank-agarwal.png
Navdeep Saini,https://d1k8sn41pix00a.cloudfront.net/media/players/photos/Navdeep-Saini-T20I2020.png
Virat Kohli,https://resize.indiatvnews.com/en/resize/newbucket/1080_-/2024/08/rohit-13-1723962102.jpg
Mohammed Shami,https://www.gujarattitansipl.com/static-assets/images/players/28994.png?v=4.86
Nitish Rana,https://ipltable.in/wp-content/uploads/2024/03/image-76-700x700.jpeg
Prabhsimran Singh,https://www.punjabkingsipl.in/static-assets/images/players/70222.png?v=5.97
Shubman Gill,https://www.gujarattitansipl.com/static-assets/images/players/66818.png?v=4.86
Abhinav Manohar,https://documents.iplt20.com/ipl/IPLHeadshot2024/974.png
Ishant Sharma,https://documents.iplt20.com/ipl/IPLHeadshot2024/50.png
Washing,https://documents.iplt20.com/ipl/IPLHeadshot2024/20.png
Sarfaraz Khan,https://encrypted-tbn0.gstatic.com/images?q=tbn:ANd9GcSGQxEZLGWJK88UNfJnucpUPghoXeCAIZnotg&s
Sanvir Singh,https://encrypted-tbn0.gstatic.com/images?q=tbn:ANd9GcSjlJs1Zr-ed9L62vVMnoGvlFiHZFpJY0VEQw&s
Ruturaj Gaikwad,https://encrypted-tbn0.gstatic.com/images?q=tbn:ANd9GcRLzKfP1IxiIUy_tsK0ySVufRhWMSNT1r_alCOWPoPvQhP01GH55lNR2uevQx5FjeVwZq0&usqp=CAU
Vivrant Sharma,https://encrypted-tbn0.gstatic.com/images?q=tbn:ANd9GcSvKxJN3N-EXr80SQGWG0fzEcpcNyCoMZ2rzw&s
Harshit Rana,https://documents.iplt20.com/ipl/IPLHeadshot2024/583.png
Abdul Basith,https://images.mykhel.com//webp/images/cricket/players/8/15228.jpg
Arshdeep Singh,https://encrypted-tbn0.gstatic.com/images?q=tbn:ANd9GcQ0H4zsmgAuxADKMFAK0mJ9z-4vY1ImB3fD3w&s
Gurnoor Brar,https://www.punjabkingsipl.in/static-assets/images/players/70500.png?v=6.01
Jason Roy,https://encrypted-tbn0.gstatic.com/images?q=tbn:ANd9GcQ1ookYDRqIB1FaIMNfmOV20ITvDg01yc4aog&s
Ben S,https://encrypted-tbn0.gstatic.com/images?q=tbn:ANd9GcQH_52hFPTn8BC2uIpOCHVqqrgqI338flI8Cw&s
Kagiso Rabada,https://documents.iplt20.com/ipl/IPLHeadshot2024/116.png
Joe Root,https://th.bing.com/th?id=OSK.HEROtPLe7D6d-w4t_wL-nMLiyD2af-kHvpYVIxzpNyjrkW4&w=472&h=280&c=13&rs=2&o=6&oif=webp&dpr=2&pid=SANGAM
Hardik Pandya,https://www.biographyvip.com/wp-content/uploads/2023/08/Pandya.jpeg
Abishek Porel,https://www.bing.com/th?id=OIP.zefs_HyHmsaVplVMRHHovAHaJL&w=144&h=185&c=8&rs=1&qlt=90&o=6&dpr=2&pid=3.1&rm=2
Kedar Jadhav,https://www.bing.com/th?id=OIP.2fRJaGqg07NAbYXwisFyZgHaE8&w=312&h=200&c=8&rs=1&qlt=90&o=6&dpr=2&pid=3.1&rm=2
Riyan Parag,https://documents.iplt20.com/ipl/IPLHeadshot2024/189.png
Karan Sharma,https://th.bing.com/th?id=OIP.vjwMgpmEWuj3n5SmJKJyegAAAA&w=144&h=144&c=2&o=6&dpr=2&pid=WebQS
Sanju Samson,https://th.bing.com/th?id=OSK.HERO3AZN4iSNC1CkTv3h0_bXnLK8c8-NlXLfhUJ7lOcSJnA&w=312&h=200&c=15&rs=2&o=6&dpr=2&pid=SANGAM
Prerak Mankad,https://th.bing.com/th/id/OIP.c82QrrZcNs_AB23qnKctaQHaHa?w=178&h=180&c=7&r=0&o=5&dpr=2&pid=1.7
Chetan Sakariya,https://documents.iplt20.com/ipl/IPLHeadshot2024/592.png
Mitchell Santner,https://th.bing.com/th?id=OSK.HEROOirIe7ATg6aSDBRZyBV4rzxK8MNyXJ0wKGQUBpLoGTQ&w=472&h=280&c=13&rs=2&o=6&dpr=2&pid=SANGAM
Murugan Ashwin,https://images.indiafantasy.com/wp-content/uploads/20220722175258/12d5974af2364102583dd2487fb1705a.jpg
Nehal Wadhera,https://th.bing.com/th/id/OIP.xQas7xaOEWJhLz5WBEnG1wHaE8?w=288&h=192&c=7&r=0&o=5&dpr=2&pid=1.7
Obed McCoy,https://th.bing.com/th?id=OSK.HEROuWQwA8bLKBm0DaRx1xXgFU13CC81_WloAjBL8UyR_Rw&w=472&h=280&c=13&rs=2&o=6&dpr=2&pid=SANGAM
Dhruv Jurel,https://th.bing.com/th?id=OSK.HERO2DGEk9A5aji_9zwaMEPmddlriKyUu8ZvfScaVtWjF04&w=472&h=280&c=13&rs=2&o=6&dpr=2&pid=SANGAM
Rahmanullah Gurbaz,https://th.bing.com/th/id/OIP.gJS8VJ3gV3nAhdmnq5qS7wHaHa?rs=1&pid=ImgDetMain
Cameron Green,https://th.bing.com/th?id=OSK.HEROvSV1Sb3mg3auXTwd9WEj1wsxAoefXtn7uFsglSc9KN0&w=472&h=280&c=13&rs=2&o=6&dpr=2&pid=SANGAM
Shahrukh Khan,https://th.bing.com/th?id=OSK.737720739c4cb60fab120052da6425b2&w=102&h=102&c=7&o=6&dpr=2&pid=SANGAM
Romario Shepherd,https://www.bing.com/th?id=OIP.p6I04YS4hUApN3BXEp7bHQHaHa&w=184&h=185&c=8&rs=1&qlt=90&o=6&dpr=2&pid=3.1&rm=2
Andre Russell,https://documents.iplt20.com/ipl/IPLHeadshot2024/141.png
Josh Hazlewood,https://www.bing.com/th?id=OIP.xNC0MzcpsFFIv7dCI9nbJAHaJ8&w=114&h=150&c=8&rs=1&qlt=90&o=6&dpr=2&pid=3.1&rm=2
Aiden Markram,https://th.bing.com/th?id=OSK.HERO_zqjKRwzkpab6n8GC1qldqZnMHRLc9LAgh0uK9_FFCA&w=312&h=200&c=15&rs=2&o=6&dpr=2&pid=SANGAM
Manish Pandey,https://th.bing.com/th?id=ODL.4df327577e0dda26f036edd40536d165&w=298&h=278&c=10&rs=1&qlt=99&o=6&dpr=2&pid=13.1
Deepak Chahar,https://th.bing.com/th?id=OSK.HEROFoPnOXvJKH8iYJ-vewyinRhlrXYGvLQqqxpjJYtsqiU&w=312&h=200&c=15&rs=2&o=6&dpr=2&pid=SANGAM
Marco Jansen,https://www.bing.com/th?id=OIP.yTPRBK7HwjLRXDDzD-bNfgHaJQ&w=160&h=200&c=8&rs=1&qlt=90&o=6&dpr=2&pid=3.1&rm=2
Bhanuka Rajapaksa,https://www.bing.com/th?id=OIP.TjD7lWq1OMDVzpSRxWOyRwHaEH&w=245&h=150&c=8&rs=1&qlt=90&o=6&dpr=2&pid=3.1&rm=2
Narayan Jagadeesan,https://th.bing.com/th?id=OSK.mmcolz3FqweqoZtcqhiLrfw6JqeRboJusnJNIkD6A4_6aYLM&w=130&h=100&c=8&o=6&dpr=2&pid=SANGAM
Devon Conway,https://th.bing.com/th?id=OSK.HEROjL4szLAGcdrCVjVLw22ikxFCLi2mgZENvqpJC6chDEI&w=472&h=280&c=13&rs=2&o=6&oif=webp&dpr=2&pid=SANGAM
Trent Boult,https://th.bing.com/th?id=OSK.xD39VOPVxg2MEirt7d8PFQHaFj&w=200&h=200&c=7&rs=1&o=6&dpr=2&pid=SANGAM
Rajvardhan Hangargekar,https://th.bing.com/th/id/OIP.3PY9xislueuIZqoSGRadCQHaEK?w=332&h=187&c=7&r=0&o=5&dpr=2&pid=1.7
Sam Curran,https://www.bing.com/th?id=OIP.wSWW8Iz9DcHXm5i4PgKnUwHaE8&w=312&h=200&c=8&rs=1&qlt=90&o=6&dpr=2&pid=3.1&rm=2
Krishnappa Gowtham,https://th.bing.com/th?id=OSK.mmcolL3EPOCjj1oxwHJGVu8kPUh2zBrN1qW2A_vGLoRyPgps&w=130&h=100&c=8&o=6&dpr=2&pid=SANGAM
Faf du Plessis,https://th.bing.com/th?id=OSK.HEROIfg_rReFsobq18T1Z61ox3p_qJuuWRDQBU2nd3wgsRs&w=312&h=200&c=15&rs=2&o=6&dpr=2&pid=SANGAM
Amit Mishra,https://th.bing.com/th?id=OSK.k-veZ1HikCTaQCot_nMYIQHaFj&w=200&h=200&c=7&rs=1&o=6&dpr=2&pid=SANGAM
Yudhvir Singh,https://www.bing.com/th?id=OIP.pazYnLXM2lB9xuTiuETCDQHaHa&w=179&h=185&c=8&rs=1&qlt=90&o=6&dpr=2&pid=3.1&rm=2
Deepak Hooda,https://th.bing.com/th/id/OIP.lJ-6FSArwePqPJzTVFO8GAHaEK?w=317&h=180&c=7&r=0&o=5&dpr=2&pid=1.7
Vishnu Vinod,https://th.bing.com/th/id/OIP.wpIWRdP-QS989fQwl6XBLwHaFp?w=216&h=180&c=7&r=0&o=5&dpr=2&pid=1.7
Mustafizur Rahman,https://th.bing.com/th?id=OSK.HERO1r5vTsZ44kliF5q3DzmMnWFFahIqA7vWICeNvtEH-y4&w=312&h=200&c=15&rs=2&o=6&dpr=2&pid=SANGAM
Vijaykumar Vyshak,https://th.bing.com/th/id/OIP.O9a7N0um29PAJ5fIMM8l8wHaEK?w=296&h=180&c=7&r=0&o=5&dpr=2&pid=1.7
Harry Brook,https://th.bing.com/th/id/OIF.J7znK4ktPz104QXUsoLgnw?rs=1&pid=ImgDetMain
Ajinkya Rahane,https://th.bing.com/th?id=OSK.HEROwszBe3B4JGdNNlvOXc_Jnnh4a0GcbYeIwfUAk5mvPC0&w=312&h=200&c=15&rs=2&o=6&dpr=2&pid=SANGAM
Reece Topley,https://www.bing.com/th?id=OIP.lJTd3YGL3dV0E86Kqt-93gHaEK&w=231&h=150&c=8&rs=1&qlt=90&o=6&dpr=2&pid=3.1&rm=2
Swapnil Singh,https://th.bing.com/th/id/OIP._RS8MB-4AQ1ls5Xc7VyqTwHaFw?w=196&h=180&c=7&r=0&o=5&dpr=2&pid=1.7
Mukesh Kumar,https://th.bing.com/th/id/OIP.2adkt_zdmFSIkxq14snhSAHaEK?w=277&h=180&c=7&r=0&o=5&dpr=2&pid=1.7
Alzarri Joseph,https://th.bing.com/th/id/OIP.4FSnmRA6a2ISGhbYQ4-bewHaFY?w=272&h=198&c=7&r=0&o=5&dpr=2&pid=1.7
Mohit Sharma,https://th.bing.com/th?id=OSK.mmcolO-8ejCRjnodBfWR4_qKBuj2gbEdUrCkZ8X86B_145uU&w=200&h=200&c=7&rs=1&o=6&dpr=2&pid=SANGAM
Ravichandran Ashwin,https://th.bing.com/th?id=OSK.HERORKbaPcdciBW3421uDE9vBKOLcN_LV7S85gPV5aGoD5w&w=312&h=200&c=15&rs=2&o=6&oif=webp&dpr=2&pid=SANGAM
Chris Jordan,https://www.bing.com/th?id=OIP.PrHFe676U5D5qdb1DzZlygHaEK&w=215&h=150&c=8&rs=1&qlt=90&o=6&dpr=2&pid=3.1&rm=2
MS Dhoni,https://th.bing.com/th/id/OIP.mHRegy4XXSoaQ6n4o7_cWwHaEK?w=275&h=180&c=7&r=0&o=5&dpr=2&pid=1.7
Michael Bracewell,https://th.bing.com/th?id=OSK.HEROg5FMHfcH2lzjmttK71fP1bpiQ5UWLnUHW1bywYBVeb4&w=472&h=280&c=13&rs=2&o=6&oif=webp&dpr=2&pid=SANGAM
Maheesh Theekshana,https://www.bing.com/th?id=OIP.qONQxJ0Eb70nx1XKTdwK2wHaFo&w=176&h=185&c=8&rs=1&qlt=90&o=6&dpr=2&pid=3.1&rm=2
Ayush Badoni,https://th.bing.com/th/id/OIP.NG0dezG2IuMLoEEydlM2RAAAAA?w=263&h=180&c=7&r=0&o=5&dpr=2&pid=1.7
Tristan Stubbs,https://www.bing.com/th?id=OIP.PY3lbae5PY-fiDdKcp-1EAHaEK&w=216&h=150&c=8&rs=1&qlt=90&o=6&dpr=2&pid=3.1&rm=2
Anuj Rawat,https://www.bing.com/th?id=OIP.Fj-oIzwa-f6-PklIRZgEsQAAAA&w=119&h=150&c=8&rs=1&qlt=90&o=6&dpr=2&pid=3.1&rm=2
Noor Ahmad,https://th.bing.com/th?id=OVFT._ASjX6mtRoYaCkpMcxar2S&pid=News&w=300&h=186&c=14&rs=2&qlt=90&dpr=2
Sikandar Raza,https://th.bing.com/th?id=OSK.HERO-o96lK-tSCm1bnt5xwVBfMcxLTr8rviu3OysSTHoePc&w=472&h=280&c=13&rs=2&o=6&dpr=2&pid=SANGAM
Ambati Rayudu,https://th.bing.com/th?id=OSK.HERO1iTj0eO_uaTiziLFXRAYVY0tIrSYATuTBEOYaMoIISA&w=312&h=200&c=15&rs=2&o=6&dpr=2&pid=SANGAM
Harpreet Singh,https://www.bing.com/th?id=OIP.OlpdiVqSLZh_qk3cv7aL6AHaHa&w=187&h=185&c=8&rs=1&qlt=90&o=6&dpr=2&pid=3.1&rm=2
Wriddhiman Saha,https://th.bing.com/th?id=OSK.HEROW2EFh3XzpHBV5qkqQrtZx96ygDxxi7HNCHfoDn_S-D4&w=312&h=200&c=15&rs=2&o=6&dpr=2&pid=SANGAM
Praveen Dubey,https://www.bing.com/th?id=OIP.ygQmQah91MOzsfIkf2NFGAAAAA&w=185&h=185&c=8&rs=1&qlt=90&o=6&dpr=2&pid=3.1&rm=2
Rinku Singh,https://th.bing.com/th?id=OSK.HEROlaRa909OcUpJPq0pSmcALYGohpOf38D6P9BJVbWSKMs&w=312&h=200&c=15&rs=2&o=6&dpr=2&pid=SANGAM
Jos Buttler,https://th.bing.com/th?id=OSK.HEROJWbiJQIk_2p1reAMYadaJEUGD9M9G4oqMAOW0Nv1hZk&w=312&h=200&c=15&rs=2&o=6&dpr=2&pid=SANGAM
Rilee Rossouw,https://th.bing.com/th?id=OSK.HEROo1-o4AqXLoRvu7YmLWFqj5C7tVkf9DH_mJPfKAK5Q6c&w=472&h=280&c=13&rs=2&o=6&dpr=2&pid=SANGAM
Axar Patel,https://th.bing.com/th?id=OSK.HERO-NADl_b-ZqxJICHfVox6b5I4IpiC9n1XijgDZvr4fw4&w=312&h=200&c=15&rs=2&o=6&dpr=2&pid=SANGAM
Tim Southee,https://www.bing.com/th?id=OIP.m0beyBg7XNszq_BeWJQ-6AHaE8&w=312&h=200&c=8&rs=1&qlt=90&o=6&dpr=2&pid=3.1&rm=2
Atharva Taide,https://www.bing.com/th?id=OIP.__4dvtYerWlat0-foMVR7AHaHa&w=173&h=185&c=8&rs=1&qlt=90&o=6&dpr=2&pid=3.1&rm=2
Anukul Roy,https://www.bing.com/th?id=OIP.owfJaf9OA8ZBaRoLSUQ0HAHaDt&w=161&h=185&c=8&rs=1&qlt=90&o=6&dpr=2&pid=3.1&rm=2
Sandeep Sharma,https://th.bing.com/th?id=OSK.HEROfOsHY8qmasj8CNt-hj5tpxd3424EIg8tM-ZY9DL-nPc&w=312&h=200&c=15&rs=2&o=6&dpr=2&pid=SANGAM
Naveen-ul-Haq,https://th.bing.com/th?id=OSK.mmcolMGsZ1bZJonmu0H3sWIKzC3l-rL7kj1bj-NuWL2vlg0g&w=155&h=200&c=7&rs=1&o=6&dpr=2&pid=SANGAM
Mandeep Singh,https://th.bing.com/th?id=OSK.mmcolC_1KzNIHRk0zzYbVPxg0B0wXMX_Ns1rYxxgGZoH0u0s&w=130&h=100&c=8&o=6&dpr=2&pid=SANGAM
Duan Jansen,https://www.bing.com/th?id=OIP.EXTdwSqr2LjHQhfe3F2F0wHaEK&w=179&h=185&c=8&rs=1&qlt=90&o=6&dpr=2&pid=3.1&rm=2
Mayank Markande,https://th.bing.com/th?id=OSK.mmcolMmw1-9BRdWRUHXNCCgWqFC7Ff-vK0VvpcqsI6eyK9D8&w=130&h=100&c=8&o=6&dpr=2&pid=SANGAM
Suyash Prabhudessai,https://th.bing.com/th?id=OSK.HEROarUegW-r4rE-s6_zcXWVvMqLOHu38KryJVSs8OB3VTA&w=472&h=280&c=13&rs=2&o=6&dpr=2&pid=SANGAM
Varun Chakravarthy,https://th.bing.com/th?id=OSK.mmcol-XXeDZu-lnPqPnhpprmwC_nAKmQh6j0XAxRg5X5syqI&w=155&h=200&c=7&rs=1&o=6&dpr=2&pid=SANGAM
Rashid Khan,https://www.bing.com/th?id=OIP.LzCYUH8pJCsvNjl3hy5jVwHaFj&w=202&h=200&c=8&rs=1&qlt=90&o=6&dpr=2&pid=3.1&rm=2
Yuzvendra Chahal,https://www.bing.com/th?id=OIP.xjmQpmSfZS6FTPM-GL8I_gHaEA&w=202&h=200&c=8&rs=1&qlt=90&o=6&dpr=2&pid=3.1&rm=2
Fazalhaq Farooqi,https://th.bing.com/th?id=OSK.HEROi9g0w1qL2DeqaCBjNdg6u7lZqJYU1HtSBUIM17xqteY&w=472&h=280&c=13&rs=2&o=6&dpr=2&pid=SANGAM
Dwaine Pre,https://th.bing.com/th?id=OSK.HEROuysSnRisJ6b69BJrLxvgZsXM6ySFKx7S96K0b3pOByo&w=472&h=280&c=13&rs=2&o=6&dpr=2&pid=SANGAM
Yash Thakur,https://www.bing.com/th?id=OIP.YfY0KTRVeb2mjtZLo1JAmAHaIy&w=150&h=185&c=8&rs=1&qlt=90&o=6&dpr=2&pid=3.1&rm=2
Ishan Kishan,https://encrypted-tbn0.gstatic.com/images?q=tbn:ANd9GcR2O_eQ-BkGnqIldACC6H1QNSdQ8cWiyz25PQ&s
n Sundar,https://yespunjab.com/wp-content/uploads/2024/07/Washington-Sundar-696x497.jpg
Adil Rashid,https://encrypted-tbn0.gstatic.com/images?q=tbn:ANd9GcSqotRHgenxhDQWJ7pGq2SFjnGvpIDAsTfZFg&s
David Warner,https://crictoday.com/wp-content/uploads/2023/02/warner_player_of_the_tournamen_0_1200x768-1-1.jpg
Darshan Nalkande,https://documents.iplt20.com/ipl/IPLHeadshot2024/127.png
Vaibhav Arora,https://documents.iplt20.com/ipl/IPLHeadshot2024/583.png
Khaleel Ahmed,https://documents.iplt20.com/ipl/IPLHeadshot2024/8.png
Harshal Patel,https://encrypted-tbn0.gstatic.com/images?q=tbn:ANd9GcRJlgfYRjWU361NqsWFk4m4bkxMlLzOp6mJ6A&s
Himanshu Sharma,https://browvopetshop.com/wp-content/uploads/2024/03/Himanshu-Sharma-Biography-e1711970720147.jpg
Kyle Mayers,https://www.cricnepal.com/wp-content/uploads/2023/06/Kyle-Mayers-West-Indies-cricketer-110.webp
Ravi Bishnoi,https://documents.iplt20.com/ipl/IPLHeadshot2024/520.png
Suryakumar Yadav,https://documents.iplt20.com/ipl/IPLHeadshot2024/174.png
Venkatesh Iyer,https://encrypted-tbn0.gstatic.com/images?q=tbn:ANd9GcQnGmCrrwE_emTLaqQihdxbmwteejjo858tng&s
Shikhar Dhawan,https://www.hindustantimes.com/static-content/1y/cricket-logos/players/shikhar-dhawan.png
Akeal Hosein,https://encrypted-tbn0.gstatic.com/images?q=tbn:ANd9GcQQe2QKrf2wfl3Kl0sanM2xZ9tVkqM_I2lbwQ&s
Mark Wood,https://encrypted-tbn0.gstatic.com/images?q=tbn:ANd9GcRvgL7_hCn0TUelJ8mUJMwpV3Q4DFKTs8oh_w&s
Kuldeep Yadav,https://documents.iplt20.com/ipl/IPLHeadshot2024/14.png
Kulwant Khejroliya,https://documents.iplt20.com/playerheadshot/ipl/284/3835.png
Umran Malik,https://encrypted-tbn0.gstatic.com/images?q=tbn:ANd9GcTl_E1BQFysefrTCGP4cyh90CUyFX7Zebjdqw&s
Heinrich Klaasen,https://www.hindustantimes.com/static-content/1y/cricket-logos/players/heinrich-klaasen.png
Mohsin Khan,https://documents.iplt20.com/ipl/IPLHeadshot2024/541.png
Devdutt Padikkal,https://www.lucknowsupergiants.in/static-assets/images/players/67589.png?v=12.22
Krunal Pandya,https://www.lucknowsupergiants.in/static-assets/images/players/63788.png?v=12.22
Mohammed Siraj,https://encrypted-tbn0.gstatic.com/images?q=tbn:ANd9GcRQ58nRZrklt7ztdi04Das1rj4wQqNDEmqboA&s
Dinesh Karthik,https://documents.iplt20.com/ipl/IPLHeadshot2024/13.png
Yashasvi Jaiswal,https://documents.iplt20.com/ipl/IPLHeadshot2024/533.png
Nitish Kumar Reddy,https://documents.iplt20.com/ipl/IPLHeadshot2024/1944.png
Sisanda Magala,https://images.mykhel.com//webp/images/cricket/players/2/7572.jpg
Nathan Ellis,https://www.punjabkingsipl.in/static-assets/images/players/70324.png?v=5.97
Rovman Powell,https://www.rajasthanroyals.com/static-assets/images/players/65291.png?v=6.49
Abdul Samad,https://documents.iplt20.com/ipl/IPLHeadshot2024/525.png
KM Asif,https://documents.iplt20.com/playerheadshot/ipl/284/4944.png
Jason Behrendorff,https://www.mumbaiindians.com/static-assets/waf-images/d5/11/fa/4-3/592-444/RloXfxKY8d.jpg
Suyash Sharma,https://documents.iplt20.com/ipl/IPLHeadshot2024/1932.png
David Willey,"https://img1.hscicdn.com/image/upload/f_auto,t_ds_square_w_800,q_50/lsci/db/PICTURES/CMS/376600/376658.jpg"
Glenn Maxwell,https://documents.iplt20.com/ipl/IPLHeadshot2024/28.png
Shardul Thakur,https://www.hindustantimes.com/static-content/1y/cricket-logos/players/shardul-thakur.png
Mitchell Marsh,https://encrypted-tbn0.gstatic.com/images?q=tbn:ANd9GcQ8TAvy0iTvcTlHiMqdjVmy9qXxHCzVWzb33w&s
KL Rahul,https://documents.iplt20.com/ipl/IPLHeadshot2024/19.png
Tilak Varma,https://encrypted-tbn0.gstatic.com/images?q=tbn:ANd9GcRf0ccmQraMUavCoNaSqUdSHGs1gPJtUq_qfw&s
Jofra Archer,https://www.google.com/url?sa=i&url=https%3A%2F%2Fwww.espncricinfo.com%2Fcricketers%2Fjofra-archer-669855&psig=AOvVaw1SVY-QfKQI3HQ140YEDTrK&ust=1729833878609000&source=images&cd=vfe&opi=89978449&ved=0CBQQjRxqFwoTCKDjmcGjpokDFQAAAAAdAAAAABAE
Priyam Garg,https://encrypted-tbn0.gstatic.com/images?q=tbn:ANd9GcSMA1vAK30DsL27R2iprUN37FLiHZCnPlY_pw&s
Kuldip Yadav,https://encrypted-tbn0.gstatic.com/images?q=tbn:ANd9GcQiyEMhrZueH6VHFmSrPYUIAibmD8-Jikx8_w&s
Anrich Nortje,https://documents.iplt20.com/ipl/IPLHeadshot2024/142.png
Harpreet Brar,https://encrypted-tbn0.gstatic.com/images?q=tbn:ANd9GcRvmu97_N1FDPcdGH90lP4_bT7IlOqQO9K2ug&s
Yash Dayal,https://encrypted-tbn0.gstatic.com/images?q=tbn:ANd9GcRSAslCM6Yp2FRJX-FRgFBP3w5tcbt7hW5thA&s
Ripal Patel,https://images.mykhel.com//webp/images/cricket/players/3/13893.jpg
Rohit Sharma,"https://static.toiimg.com/thumb/msid-111741230,width-1280,height-720,resizemode-4/111741230.jpg"
Yash Dhull,https://documents.iplt20.com/ipl/IPLHeadshot2024/777.png
Prithvi Shaw,https://www.google.com/url?sa=i&url=https%3A%2F%2Fipltable.in%2Fipl-2024-teams-list%2Fdelhi-capitals%2Fprithvi-shaw%2F&psig=AOvVaw1s2TKFcuu_R1z4UgidptoR&ust=1729834965116000&source=images&cd=vfe&opi=89978449&ved=0CBQQjRxqFwoTCLC4o82npokDFQAAAAAdAAAAABAE
Arshad Khan,https://www.lucknowsupergiants.in/static-assets/images/players/82839.png?v=12.22
Sai Sudharsan,https://documents.iplt20.com/ipl/IPLHeadshot2024/976.png
Piyush Chawla,https://encrypted-tbn0.gstatic.com/images?q=tbn:ANd9GcShwAUr3B53gH_EXYDyHqLxaU25ngsP6wPU3g&s
Jason Holder,https://encrypted-tbn0.gstatic.com/images?q=tbn:ANd9GcRcsKTfexh3eEPxd_1IKvnVDq1f65SvpJ9p0g&s
Wayne Parnell,https://encrypted-tbn0.gstatic.com/images?q=tbn:ANd9GcR72hwOp8vDh-uDsxvrYHh2nNYXxFZjjH3xLQ&s
Bhuvneshwar Kumar,https://static-files.cricket-australia.pulselive.com/headshots/440/10909-camedia.png
Wanindu Hasaranga,https://cricreads.com/wp-content/uploads/2023/03/images-7.jpeg
Avesh Khan,https://www.rajasthanroyals.com/static-assets/images/players/64511.png?v=6.49
Lalit Yadav,https://documents.iplt20.com/ipl/IPLHeadshot2024/538.png
Shahbaz Ahmed,"https://img.etimg.com/thumb/width-1200,height-1200,imgsize-98306,resizemode-75,msid-105508172/news/sports/shahbaz-ahmed-traded-to-srh-from-rcb.jpg"
Glenn Phillips,https://documents.iplt20.com/ipl/IPLHeadshot2024/635.png
Mohit Rathee,https://encrypted-tbn0.gstatic.com/images?q=tbn:ANd9GcRLPfNtdEaSoNJrMCfwLLJlNzysN321bUGong&s
Matthew Short,https://images.mykhel.com/webp/images/cricket/players/4/7034.jpg
Vijay Shankar,https://documents.iplt20.com/ipl/IPLHeadshot2024/61.png
Aman Hakim Khan,"https://img1.hscicdn.com/image/upload/f_auto,t_ds_square_w_320,q_50/lsci/db/PICTURES/CMS/341000/341035.png"
Tim David,https://encrypted-tbn0.gstatic.com/images?q=tbn:ANd9GcTVekIUH4Tgp7kRo1lqfcrggtUSs0k0Rbk0Ew&s
Raghav Goyal,https://encrypted-tbn0.gstatic.com/images?q=tbn:ANd9GcS_Is1TlCDryK9o6JOJ9pBLKX7Zcwf9OXI3-Q&s
Abhishek Sharma,https://documents.iplt20.com/ipl/IPLHeadshot2024/212.png
Jaydev Unadkat,https://documents.iplt20.com/ipl/IPLHeadshot2024/180.png
Sunil Narine,https://documents.iplt20.com/ipl/IPLHeadshot2024/156.png
Ravindra Jadeja,https://encrypted-tbn0.gstatic.com/images?q=tbn:ANd9GcTTMgEZBdFurNfrDeUWdIbeCekfFWGYADXv8w&s
Philip Salt,https://encrypted-tbn0.gstatic.com/images?q=tbn:ANd9GcTTpiUpccf7I5MqjuhCF8GWyNyO8neuGcmgbA&s
Anmolpreet Singh,https://encrypted-tbn0.gstatic.com/images?q=tbn:ANd9GcTWlzxhu66r2rBK6AdzYguBKiiGkC0vMIQVvg&s
Mahipal Lomror,https://documents.iplt20.com/ipl/IPLHeadshot2024/184.png
Nicholas Pooran,https://encrypted-tbn0.gstatic.com/images?q=tbn:ANd9GcSBxrCNXUj_6ik9zQkvWJC-CLaDXly15OnxXQ&s
Moeen Ali,https://documents.iplt20.com/ipl/IPLHeadshot2024/206.png
Adam Zampa,https://www.rajasthanroyals.com/static-assets/images/players/58913.png?v=6.49
Manan Vohra,https://encrypted-tbn0.gstatic.com/images?q=tbn:ANd9GcToJexHAKC1UQHuMYGdyVeq1-9k-3adnSrMBQ&s
Kuldeep Sen,https://www.rajasthanroyals.com/static-assets/images/players/70402.png?v=6.49
Matheesha Pathirana,https://documents.iplt20.com/ipl/IPLHeadshot2024/1014.png
Umesh Yadav,https://www.gujarattitansipl.com/static-assets/images/players/5221.png?v=4.86
Mayank Dagar,https://documents.iplt20.com/ipl/IPLHeadshot2024/1547.png
Riley Meredith,https://documents.iplt20.com/playerheadshot/ipl/284/4055.png
Akash Singh,https://d1k8sn41pix00a.cloudfront.net/media/players/photos/akash-singh.jpg
Marcus S,https://documents.iplt20.com/ipl/IPLHeadshot2024/23.png
David Miller,https://documents.iplt20.com/ipl/IPLHeadshot2024/128.png
T Natarajan,https://www.hindustantimes.com/static-content/1y/cricket-logos/players/t-natarajan.png
Tushar Deshpande,https://www.astrosage.com/celebrity-horoscope/img/Tushar-Deshpande-horoscope.png
